pmid,title,abstract
42418568,"In vivo engineering tumor cells to a universal ""all-in-one"" cancer vaccine with full antigen spectrum.","Cancer vaccines offer a promising strategy to initiate de novo T cell responses or enhance existing ones, either functioning independently or synergizing with T cell-modulating therapeutics to reduce tumor burden. The clinical development of cancer vaccines faces challenges such as limited antigen coverage, insufficient antigen presentation, immune suppressive microenvironment, and the availability of personalized vaccines. In this study, we developed a universal ""all-in-one"" cancer cell-derived vaccine (UniCVac) with comprehensive antigen spectrum coverage by programming tumor cells into antigen-presenting cells (APCs) through the codelivery of CIITA, NLRC5, CD80, and IL-2. This reprogramming mimics the professional APC phenotype, providing simultaneous HLA-I and HLA-II antigen presentation, costimulation, and T cell proliferation signals. These tumor-derived UniCVac can directly activate both CD4 + and CD8 + T cells in vitro, independent of APCs. In addition, their costimulation and T cell growth-stimulating capabilities result in superior CD4 + and CD8 + T cell activation and proliferation comparable to traditional APCs, with enhanced PI3K-AKT pathways activation. Single-cell transcriptome analysis confirmed the similarity in cellular subtypes between UniCVac-activated and traditional APC-activated T cells. In mouse models, the UniCVac vaccination reprogramed the tumor microenvironment from immunosuppressive to immune-permissive, induced robust CD4 + and CD8 + T cell expansion in both preventive and therapeutic tumor models, and achieved complete tumor regression in vivo. Our approach provides a platform for the development of universal cancer vaccines with full antigen spectrum coverage and the ability to directly activate both CD4 + and CD8 + T cells, offering potential combinatorial opportunities with existing T cell-based immunotherapies against cancer."
42418409,Identification of the oxidation stress-related gene signatures and functional verification of MINK1 in prostate cancer cells.,"BACKGROUND: A major challenge facing prostate cancer (PCa) cells is oxidative stress, yet the precise role and underlying mechanisms remain inadequately elucidated. The study sought to investigate the association between oxidative stress and PCa prognosis, as well as to identify potential regulatory pathways involved. METHODS: Oxidative stress-related genes and data were sourced from the Genecards, TCGA-PRAD, and GSE16560 databases. A risk model was developed using machine learning, including random forest and LASSO analyses. Survival analysis, functional and immune infiltrate analysis, as well as immunotherapy analysis were performed. The expression of MINK1 was examined, and the effects of MINK1 silencing on cell biological activities (including proliferation, migration, and invasion) were investigated, alongside analyses of MINK1-related pathways. RESULTS: Four genes (BCO1, MINK1, TAF1C, and MIS18BP1) were identified and utilized to develop an oxidative stress-risk score (OS-score). The high-OS-score predicted a poor prognosis, and OS-score was an independent prognostic factor for PCa. The OS-score demonstrated a positive correlation with CD8 + T cells, activated CD4 + T cells, and macrophages. Patients classified within the high-OS-score group were more effective in anti-PD-1 therapy (Nominal P = 0.001, Bonferroni corrected P = 0.011). A significant disparity was observed in the efficacy of immune checkpoint inhibitor treatment between the high- and low-OS-score groups (P = 1.1 × 10-9), with a higher proportion of responders in the high-OS-score group compared to non-responders. The key oxidative stress gene, MINK1, was experimentally validated and found to be highly expressed in PC-3 and DU145 cell lines. Silencing MINK1 resulted in decreased proliferation, migration, and invasion activity. Additionally, MINK1 knockdown induced G0/G1 phase arrest and inhibited nuclear translocation of NF-κB. CONCLUSION: In summary, oxidative stress is associated with a poor prognosis in PCa. Oxidative stress-related gene MINK1 may regulate the cell biological activity through cell cycle and NF-κB signaling pathway. This study may provide new clues for the identification and development of new markers for the diagnosis and prognosis of PCa patients."
42418282,"Targeted CysLTR1 Blockade Rescues Myeloid-Mediated Resistance to Immune Checkpoint Inhibition in Solid Malignancies: A Combined Genomic, Emulated Clinical Trial, and Epidemiological Negative-Control Analysis.","OBJECTIVES: Myeloid-driven inflammation contributes to resistance to immune checkpoint inhibitors (ICIs) in solid tumors, partly through neutrophil-mediated immunosuppressive mechanisms. Experimental evidence suggests cysteinyl leukotriene receptor 1 (CysLTR1) signaling promotes tumor-supportive myelopoiesis. We evaluated whether pharmacologic CysLTR1 blockade with montelukast could mitigate myeloid-mediated resistance to anti-PD-1 immunotherapy. METHODS: A triangulated translational framework was applied using 3 independent data sets. First, CYSLTR1 and ELANE transcript expression were analyzed in The Cancer Genome Atlas (TCGA; n=9907). Second, a propensity-matched emulated clinical trial was conducted in the Mount Sinai TriNetX network, comparing pembrolizumab plus montelukast versus pembrolizumab alone in advanced solid malignancies (n=70 per arm). Third, a negative-control analysis was performed in UK Biobank cancer patients (n=19,443) using multivariable Cox proportional hazards models. RESULTS: High concurrent CYSLTR1 and ELANE expression was associated with significantly poorer long-term survival in TCGA (P<0.0001). In TriNetX, concurrent montelukast exposure was associated with improved overall survival during pembrolizumab treatment (HR=0.505; 95% CI: 0.256-0.995; P=0.0441). In the UK Biobank, baseline neutrophil-to-lymphocyte ratio independently predicted mortality, but montelukast showed no survival interaction (P=0.957), supporting immunotherapy-specific rather than generalized oncologic benefit. CONCLUSION: CysLTR1 blockade with montelukast may represent a low-cost companion strategy to overcome myeloid-mediated ICI resistance. These findings support prospective validation of combined anti-PD-1 and anti-CysLTR1 therapy in advanced solid tumors."
42418071,Combinatorial cancer therapy mediated by hydroxyapatite nanoparticles: a comprehensive review.,"Hydroxyapatite nanoparticles (HANPs) have emerged as versatile and biocompatible platforms in cancer nanomedicine, offering multifunctional roles in drug delivery, imaging, and combinatorial therapy. Their structural similarity to bone apatite, tunable surface chemistry, and ion substitution capability enable precise functionalization for targeted and sustained drug release. This review provides a comprehensive overview of HA-mediated combinatorial cancer therapies, emphasizing their role as drug carriers, photothermal agents, and immunomodulators. The integration of HANPs with chemotherapeutic drugs, immunotherapy, photothermal and photodynamic therapy, and trace-element doping has shown significant synergistic effects enhancing antitumor efficacy while minimizing systemic toxicity. Furthermore, HANPs have demonstrated promise as theranostic agents by combining therapeutic and diagnostic functions through multimodal imaging techniques, including MRI, fluorescence, and PET/SPECT. Collectively, these advances underscore HANPs as intelligent, biocompatible nanoplatforms capable of simultaneous diagnosis and therapy. Despite remarkable preclinical progress, future studies must address scalability, long-term biosafety, and clinical translation to realize their potential in precision oncology fully."
42417858,Real-world treatment patterns and early outcomes in advanced intrahepatic cholangiocarcinoma: a descriptive case series.,"Intrahepatic cholangiocarcinoma (ICC) has a poor prognosis, with 70-80% of patients presenting advanced/metastatic disease. Conventional first-line chemotherapies have limitations, and targeted-immunotherapy combinations need real-world validation. This retrospective, single-center case series enrolled 12 advanced ICC patients to describe the real-world clinical characteristics, treatment patterns which including lenvatinib-based targeted-immunotherapy with or without Transarterial Interventional Therapies (TAIT) and conventional chemotherapy, as well as early efficacy and safety outcomes; and to generate preliminary hypotheses for subsequent prospective studies, without any intention to compare the efficacy of different regimens. Among the 12 patients, objective response rate was 33.3%, and disease control rate 83.33%. Nine received lenvatinib + PD-1/PD-L1 inhibitors (targeted-immunotherapy group), and 3 received systemic chemotherapy. Among patients receiving lenvatinib + PD-1/PD-L1 inhibitors, 22.22% experienced grade ≥ 3 treatment-related adverse events (TRAEs) with a median treatment duration of 9.0 months; among patients receiving conventional chemotherapy, 66.7% experienced grade ≥ 3 TRAEs with a median treatment duration of 19.0 months. Early TAIT (≤ 2 weeks) was associated with higher tumor reduction (mean 30.52 vs. 7.69% for non-early), which may help alleviate tumor-related symptoms in patients with high initial tumor burden. Baseline CA19-9 and albumin/globulin ratio showed exploratory potential associations with treatment efficacy without formal statistical analysis; larger initial diameter correlated with better response. This study describes that lenvatinib + Immune Checkpoint Inhibitors (ICIs) combined with early TAIT may be a feasible multimodal strategy used in real-world practice for advanced ICC, with preliminary observations of feasibility. Limitations include small single-center sample and short follow-up. The high heterogeneity of treatment regimens may also limit the comparability of efficacy and safety. Larger prospective studies are needed."
42417446,Cutaneous Melanoma of the Head and Neck: Contemporary Perspectives on Diagnosis and Management.,"&lt;p&gt;&lt;strong&gt;Introduction:&lt;/strong&gt; Cutaneous melanoma of the head and neck represents a distinct subtype of cutaneous melanoma with unique epidemiological, biological, diagnostic, and therapeutic characteristics. Although it accounts for approximately one-fifth of all cutaneous melanoma cases, it occurs more frequently in older individuals, more often arises in chronically sun-exposed skin, and is associated with a worse prognosis than melanomas at other anatomical sites. This review presents current knowledge on the epidemiology, aetiology, clinical presentation, diagnosis, and treatment of cutaneous melanoma of the head and neck, with particular emphasis on the specific features of this location.&lt;/p&gt;&lt;p&gt;&lt;strong&gt;Aim:&lt;/strong&gt; The aim of this study was to present current diagnostic and treatment strategies for cutaneous melanoma of the head and neck, with particular emphasis on the unique features of this anatomical location.&lt;/p&gt;&lt;p&gt;&lt;strong&gt;Methods:&lt;/strong&gt; This article is a narrative review informed by a structured literature search. The search was conducted in PubMed/MEDLINE, Scopus, and Web of Science, covering publications from January 2014 to March 2026.&lt;/p&gt;&lt;p&gt;&lt;strong&gt;Results:&lt;/strong&gt; Chronic ultraviolet radiation exposure remains the main aetiological factor, acting in conjunction with genetic predisposition and host phenotypic traits. The clinical presentation is diverse and includes both classic pigmented lesions and nodular, amelanotic, and lentigo maligna subtypes, with the latter being particularly common in chronically sun-damaged skin. Diagnosis requires an integrated approach involving clinical examination, dermoscopy, appropriately planned biopsy, and histopathological assessment, with selected cases also benefiting from non-invasive techniques, imaging studies, molecular diagnostics, and artificial intelligence-based tools. Sentinel lymph node biopsy remains a key component of regional staging. Surgical excision is the cornerstone of local treatment, although resection margins in this region often need to be individualised because of functional and aesthetic considerations. In recent years, systemic treatment, especially immunotherapy and targeted therapy, has gained major importance and has significantly improved outcomes in both the adjuvant and advanced disease settings.&lt;/p&gt;&lt;p&gt;&lt;strong&gt;Conclusions:&lt;/strong&gt; Cutaneous melanoma of the head and neck requires multidisciplinary and individualised management, and improved prognosis depends on early diagnosis, accurate staging, and the appropriate use of modern therapeutic strategies.&lt;/p&gt."
42417266,Harnessing Immunogenic PANoptosis With Iridium(III) Biradical Photosensitizers for Melanoma Photoimmunotherapy.,"The efficacy of photodynamic therapy (PDT) is fundamentally constrained by an intrinsic photophysical trade-off between its two ROS-generating mechanisms. Type I pathways require a strongly reducing excited state to drive electron transfer, whereas type II pathways demand a long-lived triplet state to enable efficient energy transfer to molecular oxygen. Since both originate from the same triplet manifold, optimizing one property inevitably compromises the other, limiting the oxidative potency and broad applicability of conventional photosensitizers within the heterogeneous tumor microenvironment. To overcome this limitation, in this study, the design, synthesis, and biological evaluation of a cyclometalated iridium(III) photoswitchable complex is reported, engineered to undergo photo-induced intramolecular homolytic bond cleavage to generate a transient biradical intermediate. The resulting open-shell species simultaneously consist of a strongly reducing radical intermediate and a quinoid-stabilized long-lived triplet excited state, concurrently activating type I electron-transfer and type II energy-transfer pathways to produce in tandem superoxide, hydroxyl radicals, and singlet oxygen. This synergistic dual-pathway oxidative stress triggers PANoptosis, a coordinated cell-death program concurrently engaging apoptotic, necroptotic, and pyroptotic machinery, and elicits a robust systemic antitumor immune response, establishing intramolecular biradical generation as a compelling molecular design principle for next-generation photodynamic cancer immunotherapy."
42417053,Shared clinical decision-making for vaccination: A view through the lens of mid-adult HPV vaccination.,"In the summer of 2019, the U.S. Advisory Committee on Immunization Practices (ACIP) updated its recommendations for HPV vaccination. The new recommendation regarding adults ages 27-45y (i.e., mid-adults) indicated that a ""shared clinical decision-making"" (SCDM) approach, rather than a routine recommendation, should be used. The Morbidity and Mortality Weekly Report (MMWR) publication that described this SCDM recommendation included specific conditional guidance and considerations for SCDM. However, some aspects of the guidance are vague, and others are inconsistent with SCDM, which could lead to confusion for adult health care providers and ultimately lead to under-vaccination of eligible individuals who would benefit from HPV vaccination. More recently, in the U.S. there have been policy proposals to shift additional vaccine recommendations from routine to SCDM. In this commentary, we briefly outline the ACIP recommendations, provide a clear overview of SCDM, and then offer potential implementation challenges for this guideline. For both unvaccinated adult patients and the providers who serve them, clear guidance on effective SCDM practices for HPV vaccination is an essential component for addressing the prevention of HPV-related disease. Using the context of mid-adult HPV vaccination, we also discuss the implications of SCDM recommendations for other vaccines."
42416828,Adverse events associated with targeted therapy and immunotherapy for ovarian cancer: a FAERS pharmacovigilance study.,"BACKGROUND: The addition of targeted therapy and immunotherapy has significantly improved survival in ovarian cancer patients. This analysis aimed to investigate the adverse events associated with targeted and immunotherapy drugs in patients with ovarian cancer. METHODS: Adverse event reports related to bevacizumab, poly (ADP-ribose) polymerase (PARP) inhibitors, and immune checkpoint inhibitors (ICI: PD-1, PD-L1, CTLA-4 inhibitors) in ovarian cancer were sourced from the FDA Adverse Event Reporting System (FAERS) database (Q3 2014 to Q3 2025). The disproportionality analysis, including the reporting odds ratio (ROR), proportional reporting ratio (PRR), and Bayesian confidence propagation neural network (BCPNN), was employed to detect safety signals associated with different drugs. RESULTS: A total of 209,920 adverse event reports were included in the analysis, involving 33,538 ovarian cancer patients. Among adverse events associated with the target drug (n = 183,935), 157,470 (85.61%) reports were related to PARP inhibitors, followed by bevacizumab [21,001 (11.42%)], PD-1 inhibitors [3,702 (2.01%)], PD-L1 inhibitors [1,317 (0.72%)], and CTLA-4 inhibitors [425 (0.23%)]. Adverse events are most frequently reported within 30 days of taking the medication. The most frequently reported safety signals at the preferred term level associated with PARP inhibitors included Energy increased, Vitamin D decreased, Nocturia, Intentional underdose, Hunger, and Brain neoplasm. For bevacizumab, the most frequently reported safety signals were Gastrointestinal perforation, Proteinuria, Intestinal perforation, and Embolism. For ICI, the most frequently reported safety signals comprised Product use in unapproved indication, Off label use, Death, and Malignant neoplasm progression. The most frequently reported safety signals linked to combination therapy using different drugs vary. For the combination of bevacizumab and PARP inhibitors, the most frequently reported safety signals included Interstitial lung disease, Myelodysplastic syndrome, Myelosuppression, Acute myeloid leukaemia, and Proteinuria. CONCLUSION: This study systematically analyzed the safety signals related to different drugs during the treatment of ovarian cancer, which may assist clinicians in identifying drug alert signals."
42416515,Advances and Future Expectations in Oncolytic Virus Therapy for Glioblastoma: A Systematic Review of Clinical Trials.,"BACKGROUND: Glioblastoma (GB), or grade IV astrocytoma, is the most prevalent primary tumor of the central nervous system (CNS). This systematic review aimed to investigate the efficacy and tolerability of virotherapy treatment for recurrent and progressive glioblastoma patients. We also examined recent progress in preclinical and clinical trials, and future perspectives. METHODS: We developed a search strategy using Medical Subject Headings (MeSH) terms and keywords. Inclusion criteria were English language published and ongoing clinical trials that involved patients undergoing virotherapy for glioblastoma. We searched through PubMed, Embase, Ovid, Scopus, Cochrane databases and https://Clinicaltrials.gov from inception until May 9 th , 2025. Two independent reviewers screened records, extracted data, and assessed risk of bias (ROB2). No meta-analysis was performed due to heterogeneity. PROSPERO CRD420250636791. RESULTS: Of 975 records screened, 43 studies (24 published, 19 ongoing) enrolled 462 virotherapy patients. Most common adverse events: headache (n=145), fatigue (n=83) and fever (n=78). Risk of bias was moderate to serious in most studies. CONCLUSION: We encountered several limitations, including high heterogeneity, reporting inconsistencies, and small sample sizes. Most patients experienced disease stabilization. However, objective response and complete remission occurred infrequently. A small proportion of patients achieved long-term survival, suggesting that virotherapy could be effective in specific subgroups. While oncolytic virus therapy is generally tolerated, neurotoxicity remains the most significant risk. Adverse effects were mostly Grade 1-2. Some trials (notably with HSV-1 or NDV) had severe events. Symptoms were often transient and manageable but need closely monitoring. However, the observed heterogeneity, limited data standardisation, and lack of randomized controlled trials, besides tumor heterogeneity, antiviral immunity and immunosuppressive microenvironment, necessitate further research to identify predictive biomarkers and optimize therapeutic protocols. We also suggest further trials on novel delivery methods, such as the nanoparticles, to enhance blood-brain barrier (BBB) penetration."
42416234,Perspectives and preferences on palliative chemotherapy-immunotherapy in gallbladder cancer patients.,"BACKGROUND: Patients' perspective and preferences about the chemotherapy are not known. This study investigates the perspectives and treatment preferences of Indian gallbladder (GBC) patients. METHODS: A prospective 18-month study at a tertiary cancer center in Mumbai enrolled patients with histologically confirmed GBC receiving palliative chemotherapy, who were counselled in a structured format regarding disease, treatment options, outcomes and drug costs. Data were collected through structured interviews using quality-of-life and decision-making questionnaires. Descriptive statistics were used to analyse patient responses. A pilot sample of 30 patients was used to assess whether ≥90% prioritise survival as the primary expectation from chemo-immunotherapy. Using an exact one-sided binomial design, ≤23 responses favouring survival would indicate the proportion is <90% and warrant further study. We also evaluated the psychological distress among these patients. RESULTS: Among 30 participants (56.67% female), 83.33% were of advanced stage. Baseline demographics is depicted. Treatment priorities varied: 40% preferred life prolongation, 23.33% favoured symptom relief and 36.67% valued both equally. Financial burden strongly influenced decisions about immunotherapy, only 6.67% were willing to pay ₹35 lakhs out-of-pocket for a 1.5-month gain, while 100% would take treatment if it were government-funded. Emotional distress was significant, with a mean NCCN score of 6.21 ± 1.80. Major concerns included financial strain (42%), fear (45%) and depression (33%). CONCLUSION: Twenty-three percent of patients favoured only symptom relief as a treatment when they were educated about the outcomes. A larger study is warranted to further consolidate our findings."
42416056,Identification and validation of biomarkers related to mismatch repair for prognosis prediction in glioma.,"BACKGROUND: Gliomas are aggressive brain tumors with a dismal prognosis, and their development, progression, and responsiveness to treatment are all impacted by mismatch repair (MMR) deficiency. This work aimed to construct a predictive risk model based on MMR-related genes and confirm its clinical applicability, with a focus on identifying novel therapeutic targets. METHODS: Clinical and mRNA expression data from The Cancer Genome Atlas (TCGA) and The Chinese Glioma Genome Atlas (CGGA) glioma patients were analyzed. MMR-related genes were sourced from the Molecular Signatures Database (MSigDB). A risk score model was created using multivariate Cox regression and LASSO analysis. Patients were categorized into high- and low-risk groups based on the median risk score. The model's performance was assessed using ROC curves, AUC, and Kaplan-Meier survival analysis. Immune cell infiltration was quantified using ""CIBERSORT"" and ""QUANTISEQ"". Immunotherapy potential was evaluated via TMB, TME, and TIDE scores. The half maximal inhibitory concentration (IC 50 ) analyses were performed. In vitro validation involved MCM8 overexpression/knockdown in U251/LN229 glioma cells, followed by TMZ sensitivity testing via CCK-8 assays. RESULTS: An eight-MMR-related gene prognostic model (HMGB1, MCM8, MUTYH, PMS1, RNASEH2B, RNASEH2C, RPA3, TP73) was constructed. The risk score was an independent prognostic factor, with high-risk patients showing significantly poorer overall survival. The validity of this model has been validated in the CGGA dataset. Significant differences in immune infiltration, TME, and TMB scores were observed between risk groups. Drug sensitivity analysis revealed distinct IC 50 profiles for chemotherapeutic agents between the groups. Most importantly, in vitro experiments demonstrated that MCM8 overexpression increased glioma cell sensitivity to TMZ, while MCM8 knockdown decreased it, identifying MCM8 as a potential target for TMZ-based personalized therapy. CONCLUSION: This study establishes a robust MMR-related prognostic model for glioma that effectively stratifies patients, predicts survival, and reflects distinct immune microenvironments. Critically, we identify MCM8 as a novel and actionable biomarker that modulates TMZ sensitivity, offering a promising avenue for personalized treatment in glioma patients."
42415935,"Effectiveness and Safety of Anlotinib with or without PD-1 Blockades in Patients with Platinum-Resistant or Immunotherapy-Resistant Recurrent/Metastatic Nasopharyngeal Carcinoma: A Retrospective, Real-World Study.","PURPOSE: For recurrent or metastatic nasopharyngeal carcinoma (R/M-NPC) that has progressed after platinum-based chemotherapy or immunotherapy, treatment options are limited. This real-world study evaluated the effectiveness and safety of anlotinib, alone or combined with PD-1 inhibitors, in patients with platinum-resistant or PD-1 inhibitor-resistant R/M-NPC. PATIENTS AND METHODS: This retrospective, single-center study included 86 patients with R/M-NPC who received at least one cycle of anlotinib-based therapy between November 2018 and March 2024. Patients were divided into anlotinib monotherapy (n=53) and anlotinib plus PD-1 blockade combination groups (n=33). The primary endpoint was objective response rate (ORR). Secondary endpoints included disease control rate (DCR), progression-free survival (PFS), overall survival (OS), and safety. RESULTS: The ORR was significantly higher in the combination group than in the monotherapy group (30.30% vs 7.55%, P =0.013). DCR was also superior with combination therapy (87.90% vs 62.30%, P =0.02). Median PFS was 8.93 months for combination therapy versus 5.13 months for monotherapy ( P =0.011); median OS was 12.97 months versus 8.73 months ( P =0.001), respectively. In the subgroup of patients with prior immune checkpoint inhibitor therapy, the combination regimen maintained a numerically higher ORR (50.00% vs 13.60%, P =0.028), a longer PFS (mPFS: 9.57 vs 5.12 months, P =0.036) and OS (mOS: 12.97 vs 8.23 months, P =0.009), compared to monotherapy. Treatment-related adverse events (TRAEs) occurred in 54.65% of patients, with most being grade 1-2. Grade 3 TRAEs were reported in 6 patients; no grade 4 TRAEs or treatment-related deaths occurred. CONCLUSION: Anlotinib plus PD-1 blockade significantly improved antitumor activity versus monotherapy in platinum- or PD-1 inhibitor-resistant R/M NPC, with acceptable safety. The favorable trends seen in the immunotherapy-pretreated subgroup are preliminary. These findings support the further evaluation of this combination as a promising therapeutic option in this challenging patient population."
42415671,Phase I first-in-human dose-escalation trial of a bladder cancer-specific nanoparticle in non-muscle-invasive bladder cancer.,"OBJECTIVES: Non-muscle-invasive bladder cancer (NMIBC) refractory to Bacillus Calmette-Guérin (BCG) treatment recurs frequently, even with recent approved therapies. We developed a novel, solvent-free, cancer-specific nanoparticle, PLZ4-coated paclitaxel-loaded micelles (PPM), designed for targeted drug delivery and enhanced efficacy. PLZ4 is a bladder cancer-specific peptide that is decorated on the micelle surface of PPM for cancer-specific drug delivery, while paclitaxel is encapsulated for cytotoxic activity. This first-in-human, single-arm Phase I trial aims to evaluate safety, toxicity, and establish the recommended Phase II dose (RP2D) of intravesical PPM in patients with BCG-unresponsive or intolerant NMIBC. METHODS: Eligible patients have BCG-unresponsive NMIBC with adequate organ function and performance status. Up to 29 participants will be enrolled in the dose-escalation and expansion cohorts. PPM is administered intravesically once weekly for 6 weeks at paclitaxel doses of 25 mg (0.5 mg/mL), 50 mg (1.0 mg/mL), or 75 mg (1.5 mg/mL) in normal 0.9% saline, regardless of patient body size or weight. Primary endpoints are safety and determination of RP2D, using the National Cancer Institute Common Terminology Criteria for Adverse Events (CTCAE v5.0) for toxicity assessment. Efficacy is evaluated via cystoscopy and urine cytology at 6 weeks post-intervention. PRELIMINARY RESULTS: Three BCG-unresponsive patients have been enrolled and finished treatment at the first dose level. No drug-related adverse event was observed. Two out of these first three patients achieved complete remission. The study is still open for enrollment. CLINICAL TRIAL REGISTRATION: NCT05519241. Bladder cancer is a common disease, especially among Veterans. For many patients, cancer stays on the inner surface layer of the bladder (non-muscle-invasive). The standard treatment is resection plus an immunotherapy called Bacille Calmette-Guérin (BCG). However, cancer often recurs in many patients. If it keeps returning, doctors may have to remove the entire bladder, which is a major surgery and associated with significant morbidities. We test a new “smart” medicine called PPM. PPM is made of tiny particles, less than one-thousandth the diameter of a hair, that carry a cancer-killing drug called paclitaxel. These particles have a special “sensor” named PLZ4 on the surface and work like precision-guided munitions. After instillation of PPM into the bladder cavity, PLZ4 can specifically target and deliver PPM together with the paclitaxel drug load into cancer cells while sparing the healthy parts of the bladder alone. This study assesses the toxicity profile of PPM and determines the appropriate dose for future clinical trials. Additionally, it evaluates the efficacy of PPM in patients with non-muscle-invasive bladder cancer who have not responded to BCG treatment."
42415479,Moving Beyond the Female-Only Paradigm: Arguments for Accelerating the Global Gender-Neutral Human Papillomavirus Vaccination.,"Since its adoption into public health programmes in 2006, the Human Papillomavirus (HPV) vaccine has proven its powerful effect in preventing cervical cancer, the most prevalent HPV-associated cancer. Nevertheless, a considerable burden of HPV infection is associated with non-cervical cancers and conditions that, due to a historically gendered narrative around HPV vaccination, are still partially neglected in most preventive agendas. Gender-neutral vaccination (GNV) programmes have been steadily adopted in an increasing number of countries, but global endorsement of this strategy is still being delayed, especially in low- and middle-income countries (LMICs). In this perspective paper, we advocate for an accelerated global shift from female-only to universal, gender-neutral HPV vaccination. This perspective analyses how a GNV strategy addresses the rising burden of non-cervical cancers, promotes gender justice for vulnerabilised groups, and strengthens population-wide herd immunity amidst shifting global funding and healthcare disparities, particularly in LMICs. Further, a gender-neutral approach could also strengthen programme resilience in settings where female vaccination coverage remains far below the elimination targets. The case of HPV vaccination shows that women-only public health interventions can further exacerbate the stigmatisation of women in society and, rather than improving women's health, amplify inequity. We believe that the experience with the HPV vaccine can play a significant role in demonstrating that women-specific vaccination programmes can have unintended consequences: whilst they may improve specific health outcomes, they simultaneously cause social harm to the sex groups they intend to protect, thereby failing to address broader health outcomes across the global society as a whole."
42415463,Elranatamab: A novel B-cell maturation T-cell engager.,"B-cell maturation antigen (BCMA) is a highly expressed transmembrane receptor on malignant plasma cells, mediating cell survival. These characteristics make it an attractive target for novel cellular and immunotherapies. Elranatamab is a bispecific antibody targeting BCMA on plasma cells and CD3 on T cells. This leads to immune cell activation and the release of granzymes and perforins, with attendant killing of target cells. Overactivation of the immune system can lead to cytokine release syndrome (CRS) and immune cell associated neurotoxicity syndrome (ICANS). Compared to similar agents, elranatamab has a favorable safety profile with robust efficacy. It is currently approved for relapsed/refractory multiple myeloma with clinical trials evaluating its use in combination and in earlier lines of therapy."
42415153,From tumor targeting to tumor accessibility: surface-engineered bacteria as precision living therapeutics for translational medicine.,"The concept of bacterial therapy dates back over a century to clinical observations that incidental infections could induce tumor regression. Recent advances in genetic engineering and synthetic biology have since transformed bacteria into versatile living therapeutics with significant preclinical potential against diseases such as cancer, inflammatory disorders, and metabolic conditions. However, clinical translation faces considerable hurdles. Here, we provide a clinically oriented perspective on the translational gap in bacterial therapy. Drawing inspiration from the success of antibody-drug conjugates in achieving precise payload delivery, we highlight an emerging paradigm of ""precision living therapeutics"" enabled by bacterial surface engineering. we propose the concept of ""Tumor accessibility"" for the first time, and identify its insufficiency as a critical bottleneck in current therapeutic applications. We then systematically summarize recent advances in bacterial surface engineering, encompassing physical, chemical, and biological strategies, with a focus on their capacity to evade immune clearance, enhance tumor colonization, and improve therapeutic performance. Chemical approaches primarily involve covalent conjugation, including the SpyTag/SpyCatcher system and bioorthogonal click chemistry-based metabolic labeling. Physical strategies center on cell membrane encapsulation and surface coatings such as layer-by-layer encapsulation. Biological strategies include cell camouflage and genetic modulation of surface structures, display of functional biomolecules, and affinity-based systems such as biotin-streptavidin interactions. Finally, we discuss integrative strategies that combine surface-engineered bacteria with conventional treatment modalities, including physical therapy, chemotherapy, and immunotherapy. We propose that future clinical translation of bacterial therapy should shift from localized modification design to a holistic consideration of systemic accessibility."
42415124,Clinical rationale for thymic restoration in adult immunosenescence.,"Age-related thymic involution is a central feature of immunosenescence and intersects with multiple ""hallmarks of aging"", including genomic instability, telomere attrition, mitochondrial dysfunction, and chronic inflammation. The decline in thymic epithelial integrity and FOXN1-driven thymopoiesis reduces naïve T-cell output, contracts TCR repertoire diversity, and perturbs central tolerance, contributing to increased susceptibility to infection, cancer, and autoimmunity. These changes occur alongside broader immune-aging phenomena such as inflammaging and frailty and are reflected in poorer vaccine responses and altered outcomes to novel pathogens such as SARS-CoV‑2. This review integrates mechanistic, preclinical, and human data to reassess the adult thymus as a therapeutic target. Higher-confidence domains for thymic restoration include cancer immunosurveillance, infectious disease vulnerability, vaccine responsiveness, and post-treatment immune reconstitution, supported by modeling of age-related disease incidence, transplant and HIV cohorts, and new observational links between radiographic thymic health, mortality, and immunotherapy outcomes. High-plausibility but less directly validated domains include autoimmunity, chronic herpesvirus control, HIV immunological non-responders, and post-acute infection syndromes such as long COVID, which share convergent patterns of T-cell dysfunction and persistent immune activation. The translational landscape spans hormonal and somatotropic modulation (sex steroid ablation, growth hormone/ghrelin), cytokine and growth-factor strategies (IL‑7, IL‑22, KGF/BMP4, FGF21), cell- and tissue-engineering approaches leveraging thymic epithelial stem cells and FOXN1-reprogrammed stromal cells, and gene-therapy concepts such as intrathymic AAV delivery of FOXN1, AIRE, chemokines, and stromal-support pathways. Collectively, these data support the biological plausibility of adult thymus restoration but highlight that robust, domain-specific clinical benefits have not yet been demonstrated in controlled trials. Future work should prioritize harmonized structural and functional biomarkers, domain-focused interventional studies in high-risk populations, and combined strategies that situate thymus-directed interventions within broader efforts to modify immune and organismal aging."
42414637,From developmental origins to relapse: molecular and therapeutic insights in medulloblastoma.,"Medulloblastoma (MB) is the most common malignant pediatric brain tumor. The increasing emphasis in genomic research within recent decades has shined a spotlight on the genomic and epigenetic landscape of this disease. Through methylome and transcriptome data from large MB patient cohorts, four discrete molecular subgroups and their respective subtypes have been identified, each with differing molecular and clinical characteristics. In this review, we outline recent discoveries concerning MB subgroups and subtypes, and how they have informed new epigenetic, radiation, and immunological therapeutic approaches. Although these discoveries have guided the de-escalation of low-risk molecular subgroups, to date, no subgroup-specific therapeutic strategies have been implemented in the clinic. Currently, a paucity of tractable molecular alterations and preclinical models has been a major barrier for the development of meaningful MB therapies. A strong focus on elucidating these gaps in knowledge will allow for the development of tailored therapies for high-risk MB and metastatic recurrence."
42414255,Aging and cancer: current understandings and future perspectives.,"Deciphering the mechanistic links between aging and cancer remains a central challenge in biomedical research. This review begins by presenting recent epidemiological data on cancer incidence across age groups, underscoring the complex and paradoxical interplay between aging and cancer. A systematic analysis follows four core signaling pathways that underpin both aging and cancer: (i) nutrient sensing and energy metabolism pathways, (ii) stress response and genome maintenance pathways, (iii) inflammatory and microenvironmental pathways, and (iv) sirtuin-mediated epigenetic and transcriptional modulation pathways. Each pathway is analyzed regarding its distinct and overlapping roles in aging and cancer, with exploration of strategies for comodulating these shared mechanisms to simultaneously mitigate both conditions. Established and emerging druggable targets within these pathways are highlighted, offering new perspectives for future therapeutic development. Current integrative strategies to achieve concurrent antiaging and anticancer effects include targeting cellular nutrient sensing and metabolism, enhancing genomic integrity, suppressing chronic inflammation, clearing senescent cells, and modulating epigenetic programs. Finally, the impact of aging on cancer therapy, particularly immunotherapy, is discussed, along with a review of representative aging-related pathways and genes and their roles in modulating immunotherapy efficacy. Analysis of agents targeting each pathway spanning preclinical studies, clinical trials, and clinically approved drugs reveals disparities in the research progress between anti-aging and anticancer applications. Consequently, a promising future strategy for drug discovery lies in repurposing well-established anticancer agents for antiaging interventions, as well as translating insights from aging research into novel antitumor therapies, thereby achieving synergistic benefits in both fields."
42414127,Approach to the hepato-gastric region in gynecological malignancies.,
42413882,Harnessing multispecific antibodies for next-generation cancer treatments.,"Multispecific antibodies (MsAbs), capable of targeting multiple antigens simultaneously, are regarded as the 2.0 version of monoclonal antibodies (mAbs), providing therapeutic benefits that significantly exceed those of mAbs. This enhanced functionality makes MsAbs a particularly promising strategy for treating solid tumors. In this comprehensive review, we summarize diverse targeting strategies, clinical trial outcomes, and existing hurdles, while proposing novel directions to enhance the development of MsAbs for overcoming the immunosuppressive tumor microenvironment (TME). Based on their therapeutic mechanisms, we categorize their actions into six principles: 1) blocking various oncogenic signaling pathways; 2) activating and redirecting cytotoxic immune cells toward tumor cells; 3) enhancing macrophage-mediated phagocytosis; 4) targeting immune checkpoints to alleviate immunosuppression; 5) modulating matrix components within the immunosuppressive TME; and 6) promoting immune cell infiltration and localized cytokine signaling. In addition, the integration of MsAbs with sophisticated technologies has opened new avenues for enhancing therapeutic efficacy. These approaches include antibody-degrader conjugates, chimeric antigen receptor T cell (CAR-T) therapies, antibody-oncolytic virus combinations, nanomaterial-based delivery systems, and messenger RNA (mRNA)-based technologies. Such innovative strategies highlight the transformative potential of MsAbs, positioning them at the forefront of next-generation cancer immunotherapies."
42413814,Tertiary Lymphoid Structures and Hepatocellular Carcinoma: Guardian and Executioner.,"Tertiary lymphoid structures (TLS) are essential immune components within the tumor microenvironment. The cellular composition, heterogeneity, and maturity of TLS are closely associated with tumor progression, response to therapy, and patient prognosis. Although numerous studies have highlighted the antitumor potential of TLS, their role can vary-either inhibiting or promoting tumor growth-depending on the specific microenvironment or disease stage. Hepatocellular carcinoma (HCC), the most common and aggressive primary liver cancer, frequently resists immune checkpoint therapy. In this context, inducing antitumor TLS has emerged as a key strategy to remodel the immune microenvironment, overcome drug resistance, and enhance the effectiveness of HCC immunotherapy. This review outlines the cellular composition and formation process of TLS, compares TLS in liver cancer with those in other cancer types, and explores their roles in HCC pathogenesis, progression, and treatment. These findings are expected to provide novel therapeutic strategies for enhancing the efficacy of immunotherapy in liver cancer."
42413629,Identification of TYK2 activators. Part 2: Optimization of terminal alkyne substituents to enhance activation potency.,"Tyrosine kinase 2 (TYK2) plays a key role in immune signaling, and its inhibition has been clinically validated for autoimmune diseases. Conversely, activation of TYK2 is expected to enhance antitumor immunity, representing a novel therapeutic strategy in cancer immunotherapy. In our previous study, we identified compound 2, an alkyne-containing derivative, as a novel TYK2 activator through a scaffold-repurposing design strategy based on a known TYK2 inhibitor that binds to the JH2 pseudokinase domain. Here, we expanded our SAR study to explore substituents at the terminal alkyne position based on JH2-domain docking study results. We found the phenylalkyne analog 6 g was the most potent activator, with an EC 50 of 0.21 μM and a maximal activation effect (Emax) of 7.8-fold."
42413504,Framework for evaluating in vitro vasculogenic mimicry using structural and metabolic parameters.,"Vasculogenic mimicry (VM) refers to the ability of non-endothelial cells to form fluid-conducting, vessel-like structures independently of endothelial cells. In cancer, VM is associated with tumor aggressiveness and poor prognosis, although similar structures may also be formed by non-cancerous cells. Here, we systematically screened more than 23 human and murine cell lines, including diverse cancer types, fibroblasts, and primary-tumor-derived cells, identifying cell types capable or incapable of VM formation. Using confocal microscopy and 3D reconstruction, we define in vitro VM as the formation of lumen-containing tubular structures by non-endothelial cells, distinguishing this phenomenon from simple cellular clustering or alignment. Importantly, cell types capable of confirmed VM in vitro corresponded closely with previous findings in mouse xenograft models. We further provide a practical protocol for screening VM capacity and demonstrate that cell density, glucose concentration, serum availability, and matrix stiffness are critical environmental determinants of VM formation."
